policy_id,customer_id,premium_amount
1,1,18214.446799999998
2,2,3096.3866100000005
3,3,5364.6234
4,4,16524.379427
5,5,4150.79864
6,6,3916.63512
7,7,7640.412719999999
8,8,7084.05392
9,9,6375.9874899999995
10,10,21538.195843999998
11,11,3215.92456
12,12,25780.60757
13,13,2998.7901
14,14,9754.50246
15,15,34834.73039
16,16,2716.0659
17,17,9297.135339999999
18,18,2868.870085
19,19,9436.6695
20,20,32551.226899999998
21,21,11060.442864999999
22,22,4724.815199999999
23,23,2500.9076999999997
24,24,33187.31376
25,25,6143.9812249999995
26,26,11786.79366
27,27,11270.534605
28,28,10626.792575
29,29,3011.884505
30,30,34312.7
31,31,31689.9032
32,32,2854.482895
33,33,5711.457899999999
34,34,11054.56853
35,35,42856.191397999995
36,36,2159.0536249999996
37,37,13176.785344999998
38,38,2651.61
39,39,34875.493409999995
40,40,40716.352699999996
41,41,3462.2434
42,42,5696.331090000001
43,43,5679.73404
44,44,6359.6313
45,45,6308.27005
46,46,16306.198457
47,47,4708.599445
48,48,4228.34561
49,49,10067.427689999999
50,50,34056.4232
51,51,3329.0415249999996
52,52,4587.38009
53,53,23097.790399999998
54,54,33141.30299
55,55,7676.27537
56,56,40495.296115
57,57,11516.408125
58,58,30996.21704
59,59,22615.35314
60,60,6459.416555
61,61,7992.352179999999
62,62,5636.26368
63,63,22551.632719
64,64,4390.299155
65,65,16419.22066
66,66,2665.2497999999996
67,67,12319.5504
68,68,5988.314495
69,69,5953.572869999999
70,70,19163.20094
71,71,17841.94565
72,72,7184.620599999999
73,73,10224.2082
74,74,10163.13813
75,75,7178.7978
76,76,9650.162629999999
77,77,4442.68917
78,78,2849.22879
79,79,3918.7646649999997
80,80,6247.967044999999
81,81,4653.0992049999995
82,82,7468.953805
83,83,33096.61466
84,84,10585.06319
85,85,35025.563299999994
86,86,21313.737835
87,87,37063.257580000005
88,88,9111.2232
89,89,7005.666619999999
90,90,9106.804039999999
91,91,3393.38187
92,92,9099.242435
93,93,28220.95569
94,94,6148.80371
95,95,40068.7385
96,96,4717.81866
97,97,10613.724
98,98,9072.39894
99,99,21686.353949999997
100,100,17039.4893
101,101,5910.2889
102,102,3824.56258
103,103,16447.142689999997
104,104,28755.53426
105,105,5077.697099999999
106,106,18893.515825
107,107,3252.0633
108,108,4657.862975
109,109,3403.98372
110,110,39693.372469999995
111,111,9459.17759
112,112,10201.9506
113,113,4792.7312999999995
114,114,3469.31366
115,115,10252.071865
116,116,22611.746892
117,117,10419.927779999998
118,118,19972.44572
119,119,7379.430509999999
120,120,6249.00191
121,121,7673.2359
122,122,2381.4371499999997
123,123,3028.982675
124,124,34457.046149999995
125,125,9376.256195
126,126,3809.0294049999998
127,127,18371.756
128,128,8614.176599999999
129,129,29202.18041
130,130,6392.683499999999
131,131,10296.061464999999
132,132,10633.451019999999
133,133,10009.497599999999
134,134,2420.545115
135,135,3159.297805
136,136,2911.47705
137,137,2588.0094
138,138,2690.7296749999996
139,139,21320.913701999998
140,140,3316.7124
141,141,20684.133346
142,142,4267.88437
143,143,19945.7465
144,144,14597.2632
145,145,21556.692369999997
146,146,6138.279689999999
147,147,35629.135735
148,148,9000.82539
149,149,9743.28629
150,150,2909.7632999999996
151,151,4994.15099
152,152,6937.7445
153,153,6891.2904849999995
154,154,20143.82241
155,155,6427.03258
156,156,6840.09056
157,157,21077.57306
158,158,17121.476175
159,159,32641.679689999997
160,160,15816.068366
161,161,21274.0942
162,162,32147.13845
163,163,9495.3864
164,164,5496.4938
165,165,5001.70262
166,166,9495.710094999999
167,167,6231.441
168,168,6547.9082149999995
169,169,3694.745825
170,170,4924.783465
171,171,11457.27321
172,172,7196.6759999999995
173,173,1984.35748
174,174,5612.232899999999
175,175,3666.0562849999997
176,176,41062.115
177,177,6310.853854999999
178,178,8965.267199999998
179,179,8021.2953
180,180,8234.551915
181,181,9644.865334999999
182,182,3056.27484
183,183,4401.295749999999
184,184,6514.134529999999
185,185,7346.49897
186,186,38322.085934999996
187,187,4683.38376
188,188,5872.9556999999995
189,189,6553.1727
190,190,5451.54113
191,191,10368.823709999999
192,192,4728.7062
193,193,2783.35752
194,194,9961.0394
195,195,2517.72879
196,196,2677.1941699999998
197,197,5594.800499999999
198,198,7791.780299999999
199,199,7653.47675
200,200,12397.561689999999
201,201,3096.9731300000003
202,202,8021.30619
203,203,10310.296054999999
204,204,32797.728740000006
205,205,6117.973499999999
206,206,4680.41464
207,207,9540.3093
208,208,21475.86552
209,209,11306.6643
210,210,6888.57679
211,211,3236.049
212,212,8057.651375
213,213,4301.3921
214,214,5038.4478899999995
215,215,7909.0181999999995
216,216,7415.2404
217,217,8578.948699999999
218,218,2893.6151999999997
219,219,4071.08376
220,220,18717.737488
221,221,5393.7297
222,222,9057.91915
223,223,5817.4668
224,224,31085.730499999998
225,225,19892.879119999998
226,226,10685.01774
227,227,3785.64678
228,228,19054.636068
229,229,6932.472955
230,230,8130.67948
231,231,7220.3001349999995
232,232,11792.40069
233,233,2099.4494999999997
234,234,10208.6796
235,235,6322.63433
236,236,20121.98606
237,237,2467.53669
238,238,5443.743570000001
239,239,18600.37621
240,240,7109.8699799999995
241,241,34191.63980999999
242,242,5054.602255
243,243,26152.094199
244,244,7402.8069
245,245,27053.21592
246,246,18634.534957
247,247,10757.09238
248,248,3183.8533799999996
249,249,2527.4658
250,250,4477.140775
251,251,15245.118569999999
252,252,40123.7135
253,253,38093.02493
254,254,5097.5208
255,255,35359.263225
256,256,11001.382645
257,257,37426.32859
258,258,5788.18635
259,259,10084.819895
260,260,30221.20426
261,261,9546.011999999999
262,262,18501.687319999997
263,263,24224.88576
264,264,32201.333814999998
265,265,16827.098362
266,266,40023.28715
267,267,18215.665399999998
268,268,12433.192434999999
269,269,6918.737099999999
270,270,7989.73642
271,271,2872.10541
272,272,37109.7866
273,273,7338.49175
274,274,8305.113715
275,275,3143.71865
276,276,8531.0887
277,277,3393.338495
278,278,2720.3283
279,279,11039.653769999999
280,280,8176.59198
281,281,22238.09676
282,282,41612.674845
283,283,4548.238584999999
284,284,10135.122835
285,285,8298.144
286,286,6950.47686
287,287,9406.547709999999
288,288,11290.33496
289,289,40566.003945
290,290,20114.974727999997
291,291,3890.4125999999997
292,292,15876.465256999998
293,293,37155.56492
294,294,2950.72626
295,295,4674.2889
296,296,2342.6976699999996
297,297,17793.4922
298,298,21855.573829999998
299,299,34441.94857
300,300,8118.646639999999
301,301,6700.21975
302,302,24141.86943
303,303,10861.35483
304,304,5094.6234
305,305,11152.3449
306,306,15676.89745
307,307,15899.369791
308,308,4772.22009
309,309,10104.466045
310,310,7477.409479999999
311,311,7241.1318
312,312,2451.1632
313,313,36885.66071
314,314,7480.08588
315,315,30957.211099999997
316,316,8468.43865
317,317,7794.9354650000005
318,318,8943.295675
319,319,6577.086185
320,320,5334.075355
321,321,4889.827310000001
322,322,19552.164338
323,323,31384.147999999997
324,324,10143.660385
325,325,3366.2636999999995
326,326,6525.394165
327,327,3853.8222299999998
328,328,37156.35154
329,329,40439.621
330,330,8236.1955
331,331,40981.544205
332,332,23443.53568
333,333,10958.324779999999
334,334,9600.115405
335,335,15587.203563999998
336,336,11400.962099999999
337,337,9786.80502
338,338,11333.866549999999
339,339,36158.3679
340,340,7348.84716
341,341,14648.654118999999
342,342,10847.46986
343,343,10629.466149999998
344,344,11625.545245
345,345,10557.544409999999
346,346,6392.00958
347,347,5610.49965
348,348,7701.370284999999
349,349,5530.625759999999
350,350,2536.7635549999995
351,351,9440.42504
352,352,7532.4588
353,353,3872.9420999999998
354,354,10445.665369999999
355,355,11807.126424999999
356,356,18602.133858999998
357,357,9055.380570000001
358,358,8825.73149
359,359,3381.5973299999996
360,360,2164.7570699999997
361,361,9045.2743
362,362,5050.749
363,363,15776.154199999999
364,364,3338.4453
365,365,3720.85707
366,366,8583.84304
367,367,11616.1855
368,368,7261.192805
369,369,7682.1381949999995
370,370,4557.3076
371,371,10445.02667
372,372,9532.00069
373,373,7205.342215
374,374,32304.653299999998
375,375,2640.57009
376,376,19039.27753
377,377,22006.45107
378,378,33695.87255
379,379,13624.745495
380,380,20673.689311
381,381,16802.355615
382,382,36146.834505
383,383,16197.042243999998
384,384,6659.84232
385,385,7318.524955
386,386,2603.3013
387,387,10251.98805
388,388,22867.500058
389,389,3354.27113
390,390,5343.155929999999
391,391,10097.059525
392,392,3368.14949
393,393,8047.092385
394,394,8270.59765
395,395,8602.703499999998
396,396,6261.444514999999
397,397,8285.4021
398,398,13161.548396999999
399,399,12171.902399999999
400,400,3050.66781
401,401,7515.3579
402,402,8234.743859999999
403,403,11933.118545
404,404,9403.621999999998
405,405,3302.1393
406,406,10296.83014
407,407,4145.06853
408,408,7357.7697
409,409,6312.77016
410,410,4553.61759
411,411,2008.93814
412,412,19928.116755
413,413,16378.700835
414,414,5751.0671999999995
415,415,3251.93105
416,416,7124.00862
417,417,8103.665699999999
418,418,19555.7834
419,419,12250.796279999999
420,420,26614.328439999997
421,421,39516.48284
422,422,39412.37587999999
423,423,34226.482575
424,424,3438.67657
425,425,8187.830999999999
426,426,9067.70613
427,427,6151.799244999999
428,428,6584.8643733
429,429,3257.969095
430,430,15283.32668
431,431,17813.068731
432,432,4846.236755
433,433,5523.8061
434,434,10371.736499999999
435,435,4600.263035
436,436,11999.37603
437,437,3164.85769
438,438,6193.7922
439,439,12152.27415
440,440,3500.6264499999997
441,441,5150.78774
442,442,32630.560400000002
443,443,2955.0771299999997
444,444,21827.528361999997
445,445,24811.280335
446,446,6796.5588
447,447,10393.699719999999
448,448,9300.315050000001
449,449,5617.6608
450,450,5463.6303
451,451,7538.586899999999
452,452,4229.06849
453,453,2548.7298
454,454,2725.4221549999997
455,455,6006.97209
456,456,17127.90028
457,457,10224.37872
458,458,9813.292535
459,459,9400.988399999998
460,460,7627.869
461,461,9698.53509
462,462,22000.822399999997
463,463,12965.976835
464,464,9112.542354999998
465,465,2401.175375
466,466,20284.377739999996
467,467,10892.2851
468,468,10941.364459999999
469,469,17718.24988
470,470,2945.26797
471,471,3381.42681
472,472,3048.180295
473,473,2711.1255
474,474,16282.399100999999
475,475,24622.6079
476,476,26823.56473
477,477,31028.269936
478,478,3555.325625
479,479,2916.5131499999998
480,480,2904.99978
481,481,13554.882124999998
482,482,8788.79133
483,483,2703.0319499999996
484,484,9091.047599999998
485,485,9009.120299999999
486,486,4596.166345
487,487,10406.24591
488,488,2312.7552
489,489,41122.594927
490,490,9081.385579999998
491,491,2869.1418
492,492,18413.163882
493,493,2791.53124
494,494,10971.8343
495,495,19644.474199999997
496,496,2773.41589
497,497,5032.152899999999
498,498,7454.5776
499,499,7346.7701400000005
500,500,11389.601999999999
501,501,32058.3893
502,502,6087.65809
503,503,21913.18043
504,504,29296.338349999998
505,505,5828.5692899999995
506,506,6901.5542749999995
507,507,3617.78795
508,508,3741.46685
509,509,3394.44931
510,510,9453.696
511,511,10039.600629999999
512,512,3431.8900799999997
513,513,7673.92876
514,514,2399.4093
515,515,21372.512
516,516,9738.9285
517,517,21372.502125
518,518,7814.174135
519,519,5418.5355
520,520,4244.181474999999
521,521,19327.602682
522,522,5006.92446
523,523,8602.163395
524,524,5664.831689999999
525,525,33275.415289
526,526,9731.844395
527,527,18771.276133
528,528,8392.717499999999
529,529,8011.286125
530,530,2468.60098
531,531,41379.362389999995
532,532,11416.933689999998
533,533,10933.1202
534,534,15259.793870999998
535,535,11705.780639999999
536,536,5848.238725
537,537,6725.664599999999
538,538,8087.560199999999
539,539,7365.66825
540,540,20709.729449
541,541,6837.5136
542,542,4128.97167
543,543,11536.0428
544,544,52009.799607
545,545,8672.549930000001
546,546,23357.06842
547,547,4059.942655
548,548,10811.8947
549,549,3679.285435
550,550,39414.2435
551,551,10913.3913
552,552,4227.54729
553,553,10139.9826
554,554,9817.85969
555,555,14581.480475999999
556,556,4283.3718
557,557,7706.2127199999995
558,558,4465.12593
559,559,35293.64816499999
560,560,2929.00079
561,561,7833.186949999999
562,562,9280.753239999998
563,563,3270.8154
564,564,8779.61121
565,565,3966.88116
566,566,3014.651735
567,567,6689.740145
568,568,7009.2061699999995
569,569,10682.0328
570,570,39419.665645
571,571,4087.9044
572,572,3618.11157
573,573,5883.54576
574,574,24177.000741999997
575,575,11371.589934999998
576,576,9914.52881
577,577,2507.49972
578,578,48104.502136
579,579,8517.171
580,580,3417.793945
581,581,10512.794679999999
582,582,2677.1941699999998
583,583,7120.88949
584,584,13720.867656999999
585,585,1904.9712
586,586,4959.22161
587,587,4314.596755
588,588,37471.21327
589,589,11340.44653
590,590,5918.28177
591,591,9739.7094
592,592,7078.148509999999
593,593,3753.02949
594,594,17043.87315
595,595,6009.415079999999
596,596,8063.040024999999
597,597,7222.216439999999
598,598,5778.89185
599,599,7239.0507
600,600,25706.630322999998
601,601,3101.1310799999997
602,602,8003.644955
603,603,9014.374499999998
604,604,13812.089249999999
605,605,18643.78873
606,606,8203.4934
607,607,3749.784175
608,608,24157.894915
609,609,4853.5659399999995
610,610,34759.009399999995
611,611,7651.88391
612,612,6740.0808
613,613,3203.138215
614,614,6277.1266
615,615,2966.049
616,616,37110.39689
617,617,9590.430535
618,618,22994.582899999998
619,619,30763.39913
620,620,9354.5508
621,621,4331.5422
622,622,35632.572199999995
623,623,7692.518999999999
624,624,30909.238455
625,625,9929.979904999998
626,626,3917.02529
627,627,6768.01384
628,628,10251.700409
629,629,9856.166399999998
630,630,37035.92095
631,631,9065.0922
632,632,2849.4705
633,633,4133.16879
634,634,6556.601965
635,635,8758.9422
636,636,11997.152469999999
637,637,3321.8783299999996
638,638,19745.282381999998
639,639,20425.02603
640,640,11547.40878
641,641,7786.3701
642,642,29966.721013
643,643,10896.455394999999
644,644,5474.63498
645,645,15329.801828999998
646,646,9237.79534
647,647,5797.49816
648,648,7545.099009999999
649,649,2623.5589
650,650,10349.917345
651,651,9394.621739999999
652,652,9585.7977
653,653,7352.93589
654,654,8184.272399999999
655,655,10331.1717
656,656,23932.1933
657,657,4707.2268
658,658,4898.848715
659,659,20470.082202999998
660,660,12315.328705
661,661,7431.436589999999
662,662,16933.705976999998
663,663,5380.98682
664,664,2478.4795799999997
665,665,25076.03987
666,666,37095.30128
667,667,7727.419199999999
668,668,35041.08257499999
669,669,38597.895495
670,670,6240.665129999999
671,671,5564.80761
672,672,4318.51678
673,673,4564.8117
674,674,5880.72456
675,675,39935.189569999995
676,676,6124.700374999999
677,677,11380.56063
678,678,39458.86855
679,679,11059.482899999999
680,680,8668.74824
681,681,2879.6883
682,682,1884.5819999999999
683,683,35237.723
684,684,8120.430259999999
685,685,4461.215399999999
686,686,9591.56383
687,687,7117.002025
688,688,5891.6243699999995
689,689,19770.605978999996
690,690,31121.02739
691,691,2840.8793800000003
692,692,7657.7295
693,693,3473.310335
694,694,2829.827915
695,695,4444.5993
696,696,4250.121605
697,697,22445.537652
698,698,35179.051849999996
699,699,9369.622025
700,700,4813.92861
701,701,3157.8866099999996
702,702,8916.436885
703,703,8726.517209999998
704,704,5290.23653
705,705,7928.904184999999
706,706,5807.526599999999
707,707,37983.28448
708,708,9219.60947
709,709,6404.011735
710,710,5215.304619999999
711,711,3169.2780000000002
712,712,8652.05442
713,713,7751.837404999999
714,714,3412.6173099999996
715,715,2850.2514
716,716,9947.8797
717,717,8027.3936300000005
718,718,10594.823359999999
719,719,9827.19401
720,720,10234.12952
721,721,8945.976279999999
722,722,10315.178699999999
723,723,10955.550599999999
724,724,2654.2743
725,725,8628.043974999999
726,726,36205.20065
727,727,6285.530165
728,728,17948.152215000002
729,729,3566.32084
730,730,6750.947939999999
731,731,20374.39916
732,732,8315.7891
733,733,5069.448899999999
734,734,8176.325245
735,735,12010.0554
736,736,8647.22531
737,737,35212.813369999996
738,738,4024.0317
739,739,32518.871189999998
740,740,38384.819109
741,741,7624.8885549999995
742,742,19230.04685
743,743,36983.342565
744,744,3961.4913599999995
745,745,7499.5469299999995
746,746,8643.001895000001
747,747,9966.494188
748,748,2226.847715
749,749,7989.834899999999
750,750,3687.5057749999996
751,751,19997.4701
752,752,2783.2007750000002
753,753,11842.625165
754,754,9422.14761
755,755,14471.398256
756,756,5304.138685
757,757,7330.0705
758,758,22537.29449
759,759,6271.60939
760,760,32323.95881
761,761,4877.03074
762,762,3651.8685
763,763,19883.6132
764,764,3451.06609
765,765,8025.297775
766,766,9881.086625
767,767,7458.9348
768,768,6585.4493999999995
769,769,12008.3217
770,770,6227.019575
771,771,21963.901306
772,772,9540.546
773,773,10782.046734
774,774,18867.954339999997
775,775,7193.218699999999
776,776,9658.84419
777,777,6905.6879
778,778,7204.132764999999
779,779,6470.06586
780,780,8352.867139999998
781,781,19601.4512
782,782,2859.75762
783,783,8568.81291
784,784,23744.1848
785,785,4708.36008
786,786,6474.924599999999
787,787,10766.567215
788,788,3185.12288
789,789,5372.455195
790,790,10916.57256
791,791,6053.5575
792,792,2256.6848999999997
793,793,3071.3385399999997
794,794,20882.0726
795,795,7042.644259999999
796,796,19242.519399999997
797,797,5597.316059999999
798,798,4648.416835
799,799,9948.698699999999
800,800,18772.918935
801,801,6441.70554
802,802,11818.19241
803,803,2787.156
804,804,34266.87991999999
805,805,2596.6131299999997
806,806,7203.0504949999995
807,807,22204.714493
808,808,3324.567575
809,809,2299.05462
810,810,3808.85482
811,811,8730.444
812,812,7199.695519999999
813,813,9160.09833
814,814,4625.971495
815,815,6030.5139899999995
816,816,2887.55058
817,817,3201.1825249999997
818,818,4973.3171999999995
819,819,22887.164025
820,820,45371.281463
821,821,7097.142599999999
822,822,2760.16451
823,823,2691.8178900000003
824,824,7643.94273
825,825,9982.52336
826,826,13239.609325
827,827,37659.206269999995
828,828,21142.789425
829,829,34857.18504
830,830,5574.74615
831,831,11030.6292
832,832,4978.45592
833,833,4896.065584999999
834,834,9940.25387
835,835,5655.2204600000005
836,836,7210.731209999999
837,837,4656.563099999999
838,838,9575.90323
839,839,6054.853945
840,840,10403.02565
841,841,2623.4183999999996
842,842,9861.7552
843,843,32253.70784
844,844,25764.239029999997
845,845,8575.188535000001
846,846,38128.76885
847,847,8820.8907
848,848,4425.638639999999
849,849,3286.8882
850,850,9059.892575
851,851,32628.10584
852,852,11898.734
853,853,36254.66529
854,854,9798.27565
855,855,23667.088785
856,856,2792.7408
857,857,35337.41543
858,858,17279.08999
859,859,14564.212973
860,860,9080.8122
861,861,40059.4577
862,862,7005.764399999999
863,863,10665.532055
864,864,4813.382514999999
865,865,7417.728299999999
866,866,6515.2527
867,867,2663.5115699999997
868,868,10488.291
869,869,10373.472415
870,870,4889.1564
871,871,7730.472599999999
872,872,4048.65564
873,873,5419.82118
874,874,6499.3182
875,875,7916.2976499999995
876,876,3289.07966
877,877,19853.25221
878,878,7329.6520199999995
879,879,6037.5644999999995
880,880,6293.3664
881,881,4750.144799999999
882,882,3520.34018
883,883,2916.8454549999997
884,884,39831.07875
885,885,5549.336735
886,886,20450.28629
887,887,25501.656075
888,888,5191.5230599999995
889,889,3152.8179
890,890,10243.09289
891,891,26875.938205
892,892,7322.66952
893,893,8497.791654999999
894,894,38288.85752
895,895,11094.003429999999
896,896,11344.7181
897,897,20260.888185
898,898,3032.845115
899,899,3157.20138
900,900,2607.8871950000002
901,901,7207.951195
902,902,41117.49116
903,903,5226.150445
904,904,7530.54915
905,905,10606.2123
906,906,5062.684015
907,907,5622.094105
908,908,7160.60442
909,909,13209.048299999999
910,910,18477.4142
911,911,3462.83003
912,912,30199.380689999998
913,913,12002.646335
914,914,6913.8951
915,915,5310.5055649999995
916,916,3430.83387
917,917,21586.275504999998
918,918,30693.312163999995
919,919,10539.3447
920,920,5582.158829999999
921,921,10665.785399999999
922,922,11083.764
923,923,5591.783399999999
924,924,4815.037595
925,925,5535.3045
926,926,19738.832988
927,927,3609.4982999999997
928,928,9627.6282
929,929,11387.56308
930,930,6313.32843
931,931,4575.44529
932,932,6191.808599999999
933,933,9357.878999999999
934,934,6908.6993999999995
935,935,5530.37454
936,936,9938.6796
937,937,24362.813974
938,938,8487.307024999998
939,939,3321.80154
940,940,8115.35094
941,941,1945.81173
942,942,9189.19557
943,943,3561.478405
944,944,2270.4296299999996
945,945,11084.512289999999
946,946,10161.890999999998
947,947,7202.065799999999
948,948,34243.0995
949,949,6013.893515
950,950,21038.420599999998
951,951,8991.160854999998
952,952,40769.025799999996
953,953,4789.278065
954,954,34208.9822
955,955,20598.493555
956,956,4887.51387
957,957,36139.664
958,958,10366.420914
959,959,35671.954979999995
960,960,21961.743307
961,961,4091.825495
962,962,3642.2988
963,963,12092.2725
964,964,8490.151135
965,965,20765.218159
966,966,4877.4408
967,967,23416.918135
968,968,6730.867745
969,969,3983.157985
970,970,8733.779459999998
971,971,9499.84968
972,972,4672.663479999999
973,973,2781.223055
974,974,3256.5366
975,975,3396.83526
976,976,17441.883435
977,977,7470.41235
978,978,3689.53455
979,979,9393.017635
980,980,4918.32576
981,981,19334.979540999997
982,982,4218.987475
983,983,20334.9608
984,984,13486.988358
985,985,5946.291894999999
986,986,6827.241
987,987,7992.782795
988,988,21420.382195
989,989,4896.9283749999995
990,990,16226.323559999999
991,991,3555.2369999999996
992,992,6793.153855
993,993,9062.8968
994,994,5452.627109999999
995,995,18096.596185
996,996,7354.282675
997,997,7497.9654
998,998,11564.07795
999,999,7000.7250699999995
1000,1000,5031.722705
1001,1001,18702.73627
1002,1002,30765.988699999998
1003,1003,2671.065
1004,1004,16342.527582
1005,1005,7198.77877
1006,1006,5089.87139
1007,1007,4969.784379999999
1008,1008,24451.404595
1009,1009,17918.282171
1010,1010,8557.40512
1011,1011,6928.3308
1012,1012,19543.91639
1013,1013,28072.697512
1014,1014,7950.6743
1015,1015,5148.4752
1016,1016,9760.49468
1017,1017,3326.720765
1018,1018,4901.5482
1019,1019,11137.453594999999
1020,1020,20247.265364
1021,1021,8009.0151000000005
1022,1022,32067.91286
1023,1023,36551.79674
1024,1024,2563.7187599999997
1025,1025,8464.90326
1026,1026,3144.1238999999996
1027,1027,18017.12629
1028,1028,16052.517603
1029,1029,8475.3024
1030,1030,6079.086069999999
1031,1031,21556.848415
1032,1032,37856.6621
1033,1033,4292.765890000001
1034,1034,15701.760644999998
1035,1035,10984.04984
1036,1036,10216.1346
1037,1037,33492.61451
1038,1038,34532.612635
1039,1039,3019.58464
1040,1040,17508.811748
1041,1041,20565.648325
1042,1042,2347.540105
1043,1043,29967.322005
1044,1044,3503.0178
1045,1045,9938.095884999999
1046,1046,21951.574
1047,1047,6381.53374
1048,1048,38979.97874
1049,1049,3841.669595
1050,1050,34354.3298
1051,1051,7663.944815
1052,1052,11396.69053
1053,1053,8193.11869
1054,1054,24806.6423
1055,1055,3420.92921
1056,1056,8798.401085000001
1057,1057,7239.266099999999
1058,1058,14140.012359
1059,1059,3711.18537
1060,1060,5014.9052599999995
1061,1061,2987.60733
1062,1062,9684.95652
1063,1063,41536.17332
1064,1064,6613.486535
1065,1065,6076.206899999999
1066,1066,6396.8493
1067,1067,8549.22957
1068,1068,6162.939415
1069,1069,11327.898079999999
1070,1070,9445.1943
1071,1071,34963.693009999995
1072,1072,11354.368885
1073,1073,2899.419215
1074,1074,10311.65584
1075,1075,10159.749955
1076,1076,4873.4894699999995
1077,1077,7785.942899999999
1078,1078,2773.08529
1079,1079,30854.50304
1080,1080,12896.07408
1081,1081,9807.834006
1082,1082,4709.831855
1083,1083,5296.63175
1084,1084,4628.5479
1085,1085,12438.582035
1086,1086,20231.282
1087,1087,9006.195174999999
1088,1088,9524.25932
1089,1089,9411.23742
1090,1090,8508.960899999998
1091,1091,35982.75677
1092,1092,9392.077089999999
1093,1093,4749.036
1094,1094,30255.2836
1095,1095,10394.5401
1096,1096,5560.33195
1097,1097,38396.83817999999
1098,1098,2860.7426100000002
1099,1099,17675.646311999997
1100,1100,4158.484769999999
1101,1101,18098.162835
1102,1102,9907.3947
1103,1103,4576.98672
1104,1104,9758.29824
1105,1105,15784.423255
1106,1106,8799.25212
1107,1107,7787.961125
1108,1108,9056.76206
1109,1109,3732.8616
1110,1110,7641.25305
1111,1111,9873.6835
1112,1112,36883.970870000005
1113,1113,23819.153449999998
1114,1114,5634.268894999999
1115,1115,2902.7671299999997
1116,1116,9398.740409999999
1117,1117,8937.681819999998
1118,1118,32353.70159
1119,1119,33785.42465
1120,1120,5582.90135
1121,1121,30486.3911
1122,1122,8151.51501
1123,1123,40106.00968
1124,1124,15052.193986999999
1125,1125,35970.43965
1126,1126,11232.22574
1127,1127,8645.245200000001
1128,1128,6278.5642800000005
1129,1129,11890.855059
1130,1130,2140.2279
1131,1131,8201.11161
1132,1132,5280.3996
1133,1133,16510.314238
1134,1134,7910.476355
1135,1135,15462.335011
1136,1136,9765.910759999999
1137,1137,6786.4626
1138,1138,3334.9013899999995
1139,1139,4105.54815
1140,1140,32453.613155999996
1141,1141,8387.11911
1142,1142,7798.161899999999
1143,1143,20225.595645999998
1144,1144,6453.6529199999995
1145,1145,8756.2779
1146,1146,10141.126475
1147,1147,43453.580573
1148,1148,3179.09816
1149,1149,8829.372
1150,1150,5890.811699999999
1151,1151,3057.8651649999997
1152,1152,10389.08744
1153,1153,35886.89978
1154,1154,5932.070495
1155,1155,9907.12229
1156,1156,6766.5009549999995
1157,1157,35049.922340000005
1158,1158,11657.251694999999
1159,1159,3251.30407
1160,1160,4847.8886999999995
1161,1161,7338.07724
1162,1162,6093.432089999999
1163,1163,15415.720344
1164,1164,2951.3315949999997
1165,1165,6622.98773
1166,1166,4965.842125
1167,1167,9706.250909999999
1168,1168,4800.6339
1169,1169,5429.448
1170,1170,6183.897065
1171,1171,18593.077680000002
1172,1172,22470.019999999997
1173,1173,9861.03603
1174,1174,6383.490379999999
1175,1175,5109.24113
1176,1176,2863.0526999999997
1177,1177,23127.86389
1178,1178,6117.8202
1179,1179,3772.8925449999997
1180,1180,20035.75823
1181,1181,7621.791625
1182,1182,3491.7286249999997
1183,1183,3358.0944
1184,1184,8181.16768
1185,1185,19454.266669999997
1186,1186,7600.676379999999
1187,1187,33606.990625
1188,1188,11325.35804
1189,1189,21703.43961
1190,1190,10588.674215
1191,1191,5767.9301749999995
1192,1192,10895.580288
1193,1193,10933.162735
1194,1194,7898.583874999999
1195,1195,3981.6077149999996
1196,1196,15183.592561999998
1197,1197,29816.285559999997
1198,1198,5667.38625
1199,1199,6143.2724149999995
1200,1200,5144.2935
1201,1201,5955.12626
1202,1202,8532.010475
1203,1203,3044.22743
1204,1204,8789.841999999999
1205,1205,19720.41584
1206,1206,4674.5502799999995
1207,1207,27977.425621000002
1208,1208,33960.8318
1209,1209,20685.554415
1210,1210,10698.0204
1211,1211,5505.104974999999
1212,1212,18599.111326
1213,1213,2265.21871
1214,1214,9629.787299999998
1215,1215,4532.000015
1216,1216,10980.040355
1217,1217,5044.962839999999
1218,1218,5105.18127
1219,1219,36093.121399999996
1220,1220,7386.514729999999
1221,1221,4599.992485
1222,1222,6263.95581
1223,1223,7174.866899999999
1224,1224,24508.972339
1225,1225,6197.9357199999995
1226,1226,5547.95976
1227,1227,5889.131394999999
1228,1228,7272.408539999999
1229,1229,9137.457989999999
1230,1230,9872.029165
1231,1231,49339.229279
1232,1232,20207.135220999997
1233,1233,10566.046264999999
1234,1234,9106.8633
1235,1235,7752.5310899999995
1236,1236,3442.9478449999997
1237,1237,11197.898079999999
1238,1238,9967.795595
1239,1239,6625.104864999999
1240,1240,4573.40499
1241,1241,40578.8978
1242,1242,41952.363679999995
1243,1243,4671.38984
1244,1244,3875.6304299999997
1245,1245,2461.65849
1246,1246,6145.7582999999995
1247,1247,8256.258600000001
1248,1248,6511.4211
1249,1249,3134.77326
1250,1250,33206.76939
1251,1251,19545.39519
1252,1252,1859.0955
1253,1253,17727.992899999997
1254,1254,13345.175211
1255,1255,4476.61116
1256,1256,6426.8090999999995
1257,1257,10424.966704999999
1258,1258,9496.404185
1259,1259,23530.256384999997
1260,1260,8297.44054
1261,1261,4206.96436
1262,1262,4349.012699999999
1263,1263,6341.63475
1264,1264,6831.423599999999
1265,1265,9326.888785
1266,1266,25036.56008
1267,1267,9018.128999999999
1268,1268,30531.087345
1269,1269,2981.3408999999997
1270,1270,8005.709999999999
1271,1271,4200.520895
1272,1272,3839.516405
1273,1273,12410.831105
1274,1274,4903.437029999999
1275,1275,18283.33898
1276,1276,8856.530999999999
1277,1277,3439.3635999999997
1278,1278,4536.680554999999
1279,1279,22419.680625
1280,1280,4671.87917
1281,1281,7465.07649
1282,1282,23957.238985
1283,1283,16081.421579999998
1284,1284,2905.74759
1285,1285,40197.71599999999
1286,1286,7190.270259999999
1287,1287,3477.33757
1288,1288,5325.7143
1289,1289,34211.1962
1290,1290,6919.230959999999
1291,1291,6391.23175
1292,1292,31125.0578
1293,1293,2221.24143
1294,1294,8398.575485000001
1295,1295,9610.537675
1296,1296,2675.346
1297,1297,2502.498025
1298,1298,4763.8086299999995
1299,1299,5455.778614999999
1300,1300,3384.8299850000003
1301,1301,50333.011162999996
1302,1302,39846.46427499999
1303,1303,3486.1508999999996
1304,1304,32870.806939999995
1305,1305,21511.814564999997
1306,1306,3111.2331599999998
1307,1307,17373.21315
1308,1308,22236.73516
1309,1309,30240.457099999996
1310,1310,6823.1727
1311,1311,6374.386895
1312,1312,4534.739135
1313,1313,5520.3813
1314,1314,32613.3032
1315,1315,19918.862815
1316,1316,9506.131973
1317,1317,2242.1739
1318,1318,3470.92389
1319,1319,16433.203418999998
1320,1320,6756.940595
1321,1321,5950.766345
1322,1322,26005.683135
1323,1323,11028.44199
1324,1324,38145.96341
1325,1325,4464.674854999999
1326,1326,10877.085654999999
1327,1327,6578.51491
1328,1328,8266.03329
1329,1329,17288.270967999997
1330,1330,9557.644199999999
1331,1331,10527.41592
1332,1332,9227.156131
1333,1333,10823.179499999998
1334,1334,9568.88381
1335,1335,3140.18656
1336,1336,2983.38345
1337,1337,2695.5615
1338,1338,26852.45221
